"Package","LibPath","Version","Priority","Depends","Imports","LinkingTo","Suggests","Enhances","License","License_is_FOSS","License_restricts_use","OS_type","MD5sum","NeedsCompilation","Built"
"webshot","/home/zhang/R/x86_64-pc-linux-gnu-library/4.1","0.5.2",NA,"R (>= 3.0)","magrittr, jsonlite, callr",NA,"httpuv, knitr, rmarkdown, shiny",NA,"GPL-2",NA,NA,NA,NA,"no","4.1.0"
"askpass","/usr/lib/R/library","1.1",NA,NA,"sys (>= 2.1)",NA,"testthat",NA,"MIT + file LICENSE",NA,NA,NA,NA,"yes","4.1.0"
"assertthat","/usr/lib/R/library","0.2.1",NA,NA,"tools",NA,"testthat, covr",NA,"GPL-3",NA,NA,NA,NA,"no","4.1.0"
"backports","/usr/lib/R/library","1.2.1",NA,"R (>= 3.0.0)",NA,NA,NA,NA,"GPL-2 | GPL-3",NA,NA,NA,NA,"yes","4.1.0"
"base","/usr/lib/R/library","4.1.0","base",NA,NA,NA,"methods",NA,"Part of R 4.1.0",NA,NA,NA,NA,NA,"4.1.0"
"base64enc","/usr/lib/R/library","0.1-3",NA,"R (>= 2.9.0)",NA,NA,NA,"png","GPL-2 | GPL-3",NA,NA,NA,NA,"yes","4.1.0"
"BH","/usr/lib/R/library","1.75.0-0",NA,NA,NA,NA,NA,NA,"BSL-1.0",NA,NA,NA,NA,"no","4.1.0"
"blob","/usr/lib/R/library","1.2.1",NA,NA,"methods, rlang, vctrs (>= 0.2.1)",NA,"covr, crayon, pillar (>= 1.2.1), testthat",NA,"GPL-3",NA,NA,NA,NA,"no","4.1.0"
"blogdown","/usr/lib/R/library","1.3",NA,NA,"rmarkdown (>= 2.6), bookdown (>= 0.14), knitr (>= 1.25),
htmltools, yaml (>= 2.1.19), httpuv (>= 1.4.0), later, xfun (>=
0.22), servr (>= 0.21)",NA,"testit, shiny, miniUI, stringr, rstudioapi, tools, processx,
whoami",NA,"GPL-3",NA,NA,NA,NA,"no","4.1.0"
"bookdown","/usr/lib/R/library","0.22",NA,NA,"htmltools (>= 0.3.6), knitr (>= 1.22), rmarkdown (>= 2.6),
xfun (>= 0.22), tinytex (>= 0.12), yaml (>= 2.1.19)",NA,"bslib (>= 0.2.4), downlit (>= 0.2.1), htmlwidgets, jsonlite,
rstudioapi, miniUI, rsconnect (>= 0.4.3), servr (>= 0.13),
shiny, tibble, testit (>= 0.9), tufte, xml2, webshot",NA,"GPL-3",NA,NA,NA,NA,"no","4.1.0"
"boot","/usr/lib/R/library","1.3-28","recommended","R (>= 3.0.0), graphics, stats",NA,NA,"MASS, survival",NA,"Unlimited",NA,NA,NA,NA,"no","4.1.0"
"brio","/usr/lib/R/library","1.1.2",NA,NA,NA,NA,"testthat (>= 2.1.0), covr",NA,"MIT + file LICENSE",NA,NA,NA,NA,"yes","4.1.0"
"broom","/usr/lib/R/library","0.7.6",NA,"R (>= 3.1)","backports, dplyr (>= 1.0.0), ellipsis, generics (>= 0.0.2),
glue, methods, purrr, rlang, stringr, tibble (>= 3.0.0), tidyr
(>= 1.0.0)",NA,"AER, akima, AUC, bbmle, betareg, biglm, binGroup, boot,
btergm, car, caret, cluster, cmprsk, coda, covr, drc, e1071,
emmeans, epiR, ergm (>= 3.10.4), fixest (>= 0.8.1), gam (>=
1.15), gee, geepack, ggplot2, glmnet, glmnetUtils, gmm, Hmisc,
irlba, joineRML, Kendall, knitr, ks, Lahman, lavaan, leaps,
lfe, lm.beta, lme4, lmodel2, lmtest (>= 0.9.38), lsmeans, maps,
maptools, margins, MASS, Matrix, mclust, mediation, metafor,
mfx, mgcv, mlogit, modeldata, modeltests, muhaz, multcomp,
network, nnet, orcutt (>= 2.2), ordinal, plm, poLCA, psych,
quantreg, Rchoice, rgeos, rmarkdown, robust, robustbase,
rsample, sandwich, sp, spdep, spatialreg, speedglm, spelling,
survey, survival, systemfit, testthat (>= 2.1.0), tseries,
vars, zoo",NA,"MIT + file LICENSE",NA,NA,NA,NA,"no","4.1.0"
"bslib","/usr/lib/R/library","0.2.5.1",NA,"R (>= 2.10)","grDevices, htmltools (>= 0.5.1), jsonlite, sass (>= 0.4.0),
jquerylib (>= 0.1.3), rlang, magrittr",NA,"shiny (>= 1.6.0), rmarkdown (>= 2.7), thematic, knitr,
testthat, withr, rappdirs, curl",NA,"MIT + file LICENSE",NA,NA,NA,NA,"no","4.1.0"
"cachem","/usr/lib/R/library","1.0.5",NA,NA,"rlang, fastmap",NA,"testthat",NA,"MIT + file LICENSE",NA,NA,NA,NA,"yes","4.1.0"
"callr","/usr/lib/R/library","3.7.0",NA,NA,"processx (>= 3.5.0), R6, utils",NA,"cli, covr, ps, rprojroot, spelling, testthat, withr (>=
2.3.0)",NA,"MIT + file LICENSE",NA,NA,NA,NA,"no","4.1.0"
"cellranger","/usr/lib/R/library","1.1.0",NA,"R (>= 3.0.0)","rematch, tibble",NA,"covr, testthat (>= 1.0.0), knitr, rmarkdown",NA,"MIT + file LICENSE",NA,NA,NA,NA,"no","4.1.0"
"class","/usr/lib/R/library","7.3-19","recommended","R (>= 3.0.0), stats, utils","MASS",NA,NA,NA,"GPL-2 | GPL-3",NA,NA,NA,NA,"yes","4.1.0"
"cli","/usr/lib/R/library","2.5.0",NA,"R (>= 2.10)","glue, utils",NA,"callr, covr, grDevices, htmlwidgets, knitr, methods, mockery,
ps (>= 1.3.4.9000), rmarkdown, rstudioapi, prettycode (>=
1.1.0), testthat, tibble, withr",NA,"MIT + file LICENSE",NA,NA,NA,NA,"no","4.1.0"
"clipr","/usr/lib/R/library","0.7.1",NA,NA,"utils",NA,"covr, knitr, rmarkdown, rstudioapi (>= 0.5), testthat (>=
2.0.0)",NA,"GPL-3",NA,NA,NA,NA,"no","4.1.0"
"cluster","/usr/lib/R/library","2.1.2","recommended","R (>= 3.4.0)","graphics, grDevices, stats, utils",NA,"MASS, Matrix",NA,"GPL (>= 2)",NA,NA,NA,NA,"yes","4.1.0"
"codetools","/usr/lib/R/library","0.2-18","recommended","R (>= 2.1)",NA,NA,NA,NA,"GPL",NA,NA,NA,NA,"no","4.1.0"
"colorspace","/usr/lib/R/library","2.0-1",NA,"R (>= 3.0.0), methods","graphics, grDevices, stats",NA,"datasets, utils, KernSmooth, MASS, kernlab, mvtnorm, vcd,
tcltk, shiny, shinyjs, ggplot2, dplyr, scales, grid, png, jpeg,
knitr, rmarkdown, RColorBrewer, rcartocolor, scico, viridis,
wesanderson",NA,"BSD_3_clause + file LICENSE",NA,NA,NA,NA,"yes","4.1.0"
"commonmark","/usr/lib/R/library","1.7",NA,NA,NA,NA,"curl, testthat, xml2",NA,"BSD_2_clause + file LICENSE",NA,NA,NA,NA,"yes","4.1.0"
"compiler","/usr/lib/R/library","4.1.0","base",NA,NA,NA,NA,NA,"Part of R 4.1.0",NA,NA,NA,NA,NA,"4.1.0"
"cpp11","/usr/lib/R/library","0.2.7",NA,NA,NA,NA,"bench, brio, callr, cli, covr, decor, desc, ggplot2, glue,
knitr, lobstr, mockery, progress, rmarkdown, scales, testthat,
tibble, utils, vctrs, withr",NA,"MIT + file LICENSE",NA,NA,NA,NA,"no","4.1.0"
"crayon","/usr/lib/R/library","1.4.1",NA,NA,"grDevices, methods, utils",NA,"mockery, rstudioapi, testthat, withr",NA,"MIT + file LICENSE",NA,NA,NA,NA,"no","4.1.0"
"crosstalk","/usr/lib/R/library","1.1.1",NA,NA,"htmltools (>= 0.3.6), jsonlite, lazyeval, R6",NA,"shiny, ggplot2, testthat (>= 2.1.0)",NA,"MIT + file LICENSE",NA,NA,NA,NA,"no","4.1.0"
"curl","/usr/lib/R/library","4.3.1",NA,"R (>= 3.0.0)",NA,NA,"spelling, testthat (>= 1.0.0), knitr, jsonlite, rmarkdown,
magrittr, httpuv (>= 1.4.4), webutils",NA,"MIT + file LICENSE",NA,NA,NA,NA,"yes","4.1.0"
"data.table","/usr/lib/R/library","1.14.0",NA,"R (>= 3.1.0)","methods",NA,"bit64 (>= 4.0.0), bit (>= 4.0.4), curl, R.utils, xts,
nanotime, zoo (>= 1.8-1), yaml, knitr, rmarkdown",NA,"MPL-2.0 | file LICENSE",NA,NA,NA,NA,"yes","4.1.0"
"datasets","/usr/lib/R/library","4.1.0","base",NA,NA,NA,NA,NA,"Part of R 4.1.0",NA,NA,NA,NA,NA,"4.1.0"
"DBI","/usr/lib/R/library","1.1.1",NA,"methods, R (>= 3.0.0)",NA,NA,"blob, covr, dbplyr, dplyr, glue, hms, knitr, magrittr,
rmarkdown, rprojroot, RMariaDB, RSQLite (>= 1.1-2), testthat,
xml2",NA,"LGPL (>= 2.1)",NA,NA,NA,NA,"no","4.1.0"
"dbplyr","/usr/lib/R/library","2.1.1",NA,"R (>= 3.1)","assertthat (>= 0.2.0), blob (>= 1.2.0), DBI (>= 1.0.0), dplyr
(>= 1.0.4), ellipsis, glue (>= 1.2.0), lifecycle (>= 1.0.0),
magrittr, methods, purrr (>= 0.2.5), R6 (>= 2.2.2), rlang (>=
0.2.0), tibble (>= 1.4.2), tidyselect (>= 0.2.4), utils, vctrs,
withr",NA,"bit64, covr, knitr, Lahman, nycflights13, odbc, RMariaDB (>=
1.0.2), rmarkdown, RPostgres (>= 1.1.3), RPostgreSQL, RSQLite
(>= 2.1.0), testthat (>= 3.0.2), tidyr",NA,"MIT + file LICENSE",NA,NA,NA,NA,"no","4.1.0"
"desc","/usr/lib/R/library","1.3.0",NA,"R (>= 3.1.0)","utils, R6, crayon, rprojroot",NA,"covr, testthat, whoami, withr, spelling, gh",NA,"MIT + file LICENSE",NA,NA,NA,NA,"no","4.1.0"
"diffobj","/usr/lib/R/library","0.3.4",NA,"R (>= 3.1.0)","crayon (>= 1.3.2), tools, methods, utils, stats",NA,"knitr, rmarkdown",NA,"GPL (>= 2)",NA,NA,NA,NA,"yes","4.1.0"
"digest","/usr/lib/R/library","0.6.27",NA,"R (>= 3.3.0)","utils",NA,"tinytest, knitr, rmarkdown, minidown",NA,"GPL (>= 2)",NA,NA,NA,NA,"yes","4.1.0"
"dplyr","/usr/lib/R/library","1.0.6",NA,"R (>= 3.3.0)","ellipsis, generics, glue (>= 1.3.2), lifecycle (>= 1.0.0),
magrittr (>= 1.5), methods, R6, rlang (>= 0.4.10), tibble (>=
2.1.3), tidyselect (>= 1.1.0), utils, vctrs (>= 0.3.5), pillar
(>= 1.5.1)",NA,"bench, broom, callr, covr, DBI, dbplyr (>= 1.4.3), knitr,
Lahman, lobstr, microbenchmark, nycflights13, purrr, rmarkdown,
RMySQL, RPostgreSQL, RSQLite, testthat (>= 3.0.2), tidyr, withr",NA,"MIT + file LICENSE",NA,NA,NA,NA,"yes","4.1.0"
"DT","/usr/lib/R/library","0.18",NA,NA,"htmltools (>= 0.3.6), htmlwidgets (>= 1.3), jsonlite (>=
0.9.16), magrittr, crosstalk, promises",NA,"knitr (>= 1.8), rmarkdown, shiny (>= 1.6), bslib, testit",NA,"GPL-3 | file LICENSE",NA,NA,NA,NA,"no","4.1.0"
"dtplyr","/usr/lib/R/library","1.1.0",NA,"R (>= 3.3)","crayon, data.table (>= 1.12.4), dplyr (>= 1.0.3), ellipsis,
glue, lifecycle, rlang, tibble, tidyselect, vctrs",NA,"bench, covr, knitr, rmarkdown, testthat (>= 3.0.0), tidyr (>=
1.1.0)",NA,"MIT + file LICENSE",NA,NA,NA,NA,"no","4.1.0"
"dygraphs","/usr/lib/R/library","1.1.1.6",NA,"R (>= 3.0)","magrittr, htmlwidgets (>= 0.6), htmltools (>= 0.3.5), zoo (>=
1.7-10), xts (>= 0.9-7)",NA,"testthat","rmarkdown (>= 0.3.3), shiny (>= 0.10.2.1)","MIT + file LICENSE",NA,NA,NA,NA,"no","4.1.0"
"ellipsis","/usr/lib/R/library","0.3.2",NA,"R (>= 3.2)","rlang (>= 0.3.0)",NA,"covr, testthat",NA,"MIT + file LICENSE",NA,NA,NA,NA,"yes","4.1.0"
"evaluate","/usr/lib/R/library","0.14",NA,"R (>= 3.0.2)","methods",NA,"testthat, lattice, ggplot2",NA,"MIT + file LICENSE",NA,NA,NA,NA,"no","4.1.0"
"fansi","/usr/lib/R/library","0.5.0",NA,"R (>= 3.1.0)","grDevices, utils",NA,"unitizer, knitr, rmarkdown",NA,"GPL (>= 2)",NA,NA,NA,NA,"yes","4.1.0"
"farver","/usr/lib/R/library","2.1.0",NA,NA,NA,NA,"testthat (>= 2.1.0), covr",NA,"MIT + file LICENSE",NA,NA,NA,NA,"yes","4.1.0"
"fastmap","/usr/lib/R/library","1.1.0",NA,NA,NA,NA,"testthat (>= 2.1.1)",NA,"MIT + file LICENSE",NA,NA,NA,NA,"yes","4.1.0"
"forcats","/usr/lib/R/library","0.5.1",NA,"R (>= 3.2)","ellipsis, magrittr, rlang, tibble",NA,"covr, dplyr, ggplot2, knitr, readr, rmarkdown, testthat",NA,"MIT + file LICENSE",NA,NA,NA,NA,"no","4.1.0"
"foreign","/usr/lib/R/library","0.8-81","recommended","R (>= 4.0.0)","methods, utils, stats",NA,NA,NA,"GPL (>= 2)",NA,NA,NA,NA,"yes","4.1.0"
"fs","/usr/lib/R/library","1.5.0",NA,"R (>= 3.1)","methods",NA,"testthat, covr, pillar (>= 1.0.0), tibble (>= 1.1.0), crayon,
rmarkdown, knitr, withr, spelling, vctrs (>= 0.3.0)",NA,"GPL-3",NA,NA,NA,NA,"yes","4.1.0"
"gargle","/usr/lib/R/library","1.1.0",NA,"R (>= 3.3)","cli (>= 2.3.1), fs (>= 1.3.1), glue (>= 1.3.0), httr (>=
1.4.0), jsonlite, rappdirs, rlang (>= 0.4.9), rstudioapi,
stats, withr",NA,"covr, httpuv, knitr, mockr, rmarkdown, sodium, spelling,
testthat (>= 3.0.0)",NA,"MIT + file LICENSE",NA,NA,NA,NA,"no","4.1.0"
"generics","/usr/lib/R/library","0.1.0",NA,"R (>= 3.1)","methods",NA,"covr, pkgload, testthat, tibble",NA,"MIT + file LICENSE",NA,NA,NA,NA,"no","4.1.0"
"ggplot2","/usr/lib/R/library","3.3.3",NA,"R (>= 3.2)","digest, glue, grDevices, grid, gtable (>= 0.1.1), isoband,
MASS, mgcv, rlang (>= 0.3.0), scales (>= 0.5.0), stats, tibble,
withr (>= 2.0.0)",NA,"covr, dplyr, ggplot2movies, hexbin, Hmisc, knitr, lattice,
mapproj, maps, maptools, multcomp, munsell, nlme, profvis,
quantreg, RColorBrewer, rgeos, rmarkdown, rpart, sf (>= 0.7-3),
svglite (>= 1.2.0.9001), testthat (>= 2.1.0), vdiffr (>= 0.3.0)","sp","MIT + file LICENSE",NA,NA,NA,NA,"no","4.1.0"
"glue","/usr/lib/R/library","1.4.2",NA,"R (>= 3.2)","methods",NA,"testthat, covr, magrittr, crayon, knitr, rmarkdown, DBI,
RSQLite, R.utils, forcats, microbenchmark, rprintf, stringr,
ggplot2, dplyr, withr, vctrs (>= 0.3.0)",NA,"MIT + file LICENSE",NA,NA,NA,NA,"yes","4.1.0"
"googledrive","/usr/lib/R/library","1.0.1",NA,"R (>= 3.2)","curl (>= 2.8.1), gargle (>= 0.3.1), glue (>= 1.2.0), httr,
jsonlite, magrittr, purrr (>= 0.2.3), rlang (>= 0.3.1), tibble
(>= 2.0.0), utils, uuid",NA,"covr, dplyr, knitr, rmarkdown, roxygen2, sodium, spelling,
testthat (>= 2.1.1)",NA,"MIT + file LICENSE",NA,NA,NA,NA,"no","4.1.0"
"googlesheets4","/usr/lib/R/library","0.3.0",NA,"R (>= 3.2)","cellranger, curl, gargle (>= 1.0.0), glue (>= 1.3.0),
googledrive (>= 1.0.0), httr, ids, lifecycle, magrittr,
methods, purrr, rematch2, rlang, tibble (>= 2.1.1), utils,
vctrs (>= 0.2.3)",NA,"covr, readr, rmarkdown, sodium, spelling, testthat (>=
2.1.0), withr",NA,"MIT + file LICENSE",NA,NA,NA,NA,"no","4.1.0"
"graphics","/usr/lib/R/library","4.1.0","base",NA,"grDevices",NA,NA,NA,"Part of R 4.1.0",NA,NA,NA,NA,"yes","4.1.0"
"grDevices","/usr/lib/R/library","4.1.0","base",NA,NA,NA,"KernSmooth",NA,"Part of R 4.1.0",NA,NA,NA,NA,"yes","4.1.0"
"grid","/usr/lib/R/library","4.1.0","base",NA,"grDevices, utils",NA,"lattice",NA,"Part of R 4.1.0",NA,NA,NA,NA,"yes","4.1.0"
"gtable","/usr/lib/R/library","0.3.0",NA,"R (>= 3.0)","grid",NA,"covr, testthat, knitr, rmarkdown, ggplot2, profvis",NA,"GPL-2",NA,NA,NA,NA,"no","4.1.0"
"haven","/usr/lib/R/library","2.4.1",NA,"R (>= 3.2)","forcats (>= 0.2.0), hms, methods, readr (>= 0.1.0), rlang (>=
0.4.0), tibble, tidyselect, vctrs (>= 0.3.0)","cpp11","cli, covr, crayon, fs, knitr, pillar (>= 1.4.0), rmarkdown,
testthat (>= 3.0.0)",NA,"MIT + file LICENSE",NA,NA,NA,NA,"yes","4.1.0"
"highr","/usr/lib/R/library","0.9",NA,"R (>= 3.2.3)","xfun (>= 0.18)",NA,"knitr, markdown, testit",NA,"GPL",NA,NA,NA,NA,"no","4.1.0"
"hms","/usr/lib/R/library","1.1.0",NA,NA,"ellipsis (>= 0.3.2), lifecycle, methods, pkgconfig, rlang,
vctrs (>= 0.3.8)",NA,"crayon, lubridate, pillar (>= 1.1.0), testthat (>= 3.0.0)",NA,"MIT + file LICENSE",NA,NA,NA,NA,"no","4.1.0"
"htmltools","/usr/lib/R/library","0.5.1.1",NA,"R (>= 2.14.1)","utils, digest, grDevices, base64enc, rlang",NA,"markdown, testthat, withr, Cairo, ragg, shiny","knitr","GPL (>= 2)",NA,NA,NA,NA,"yes","4.1.0"
"htmlwidgets","/usr/lib/R/library","1.5.3",NA,NA,"grDevices, htmltools (>= 0.3), jsonlite (>= 0.9.16), yaml",NA,"knitr (>= 1.8), rmarkdown, testthat","shiny (>= 1.1)","MIT + file LICENSE",NA,NA,NA,NA,"no","4.1.0"
"httpuv","/usr/lib/R/library","1.6.1",NA,"R (>= 2.15.1)","Rcpp (>= 0.11.0), utils, R6, promises, later (>= 0.8.0)","Rcpp, later","testthat, callr, curl, websocket",NA,"GPL (>= 2) | file LICENSE",NA,NA,NA,NA,"yes","4.1.0"
"httr","/usr/lib/R/library","1.4.2",NA,"R (>= 3.2)","curl (>= 3.0.0), jsonlite, mime, openssl (>= 0.8), R6",NA,"covr, httpuv, jpeg, knitr, png, readr, rmarkdown, testthat
(>= 0.8.0), xml2",NA,"MIT + file LICENSE",NA,NA,NA,NA,"no","4.1.0"
"ids","/usr/lib/R/library","1.0.1",NA,NA,"openssl, uuid",NA,"knitr, rcorpora, rmarkdown, testthat",NA,"MIT + file LICENSE",NA,NA,NA,NA,"no","4.1.0"
"isoband","/usr/lib/R/library","0.2.4",NA,NA,"grid, utils",NA,"covr, ggplot2, knitr, magick, microbenchmark, rmarkdown, sf,
testthat, xml2",NA,"MIT + file LICENSE",NA,NA,NA,NA,"yes","4.1.0"
"jquerylib","/usr/lib/R/library","0.1.4",NA,NA,"htmltools",NA,"testthat",NA,"MIT + file LICENSE",NA,NA,NA,NA,"no","4.1.0"
"jsonlite","/usr/lib/R/library","1.7.2",NA,"methods",NA,NA,"httr, curl, plyr, testthat, knitr, rmarkdown, R.rsp, sf",NA,"MIT + file LICENSE",NA,NA,NA,NA,"yes","4.1.0"
"KernSmooth","/usr/lib/R/library","2.23-20","recommended","R (>= 2.5.0), stats",NA,NA,"MASS, carData",NA,"Unlimited",NA,NA,NA,NA,"yes","4.1.0"
"knitr","/usr/lib/R/library","1.33",NA,"R (>= 3.2.3)","evaluate (>= 0.10), highr, methods, markdown, stringr (>=
0.6), yaml (>= 2.1.19), xfun (>= 0.21), tools",NA,"formatR, testit, digest, rgl (>= 0.95.1201), codetools,
rmarkdown, htmlwidgets (>= 0.7), webshot, tikzDevice (>= 0.10),
tinytex, reticulate (>= 1.4), JuliaCall (>= 0.11.1), magick,
png, jpeg, gifski, xml2 (>= 1.2.0), httr, DBI (>= 0.4-1),
showtext, tibble, sass, bslib, ragg, styler (>= 1.2.0)",NA,"GPL",NA,NA,NA,NA,"no","4.1.0"
"labeling","/usr/lib/R/library","0.4.2",NA,NA,"stats, graphics",NA,NA,NA,"MIT + file LICENSE | Unlimited",NA,NA,NA,NA,"no","4.1.0"
"later","/usr/lib/R/library","1.2.0",NA,NA,"Rcpp (>= 0.12.9), rlang","Rcpp","knitr, rmarkdown, testthat (>= 2.1.0)",NA,"MIT + file LICENSE",NA,NA,NA,NA,"yes","4.1.0"
"lattice","/usr/lib/R/library","0.20-44","recommended","R (>= 3.0.0)","grid, grDevices, graphics, stats, utils",NA,"KernSmooth, MASS, latticeExtra","chron","GPL (>= 2)",NA,NA,NA,NA,"yes","4.1.0"
"lazyeval","/usr/lib/R/library","0.2.2",NA,"R (>= 3.1.0)",NA,NA,"knitr, rmarkdown (>= 0.2.65), testthat, covr",NA,"GPL-3",NA,NA,NA,NA,"yes","4.1.0"
"lifecycle","/usr/lib/R/library","1.0.0",NA,"R (>= 3.3)","glue, rlang (>= 0.4.10)",NA,"covr, crayon, knitr, rmarkdown, testthat (>= 3.0.1), tibble",NA,"MIT + file LICENSE",NA,NA,NA,NA,"no","4.1.0"
"lubridate","/usr/lib/R/library","1.7.10",NA,"methods, R (>= 3.2)","generics, Rcpp (>= 0.12.13)","Rcpp","covr, knitr, testthat (>= 2.1.0), vctrs (>= 0.3.0), rmarkdown","chron, timeDate, tis, zoo","GPL (>= 2)",NA,NA,NA,NA,"yes","4.1.0"
"magrittr","/usr/lib/R/library","2.0.1",NA,NA,NA,NA,"covr, knitr, rlang, rmarkdown, testthat",NA,"MIT + file LICENSE",NA,NA,NA,NA,"yes","4.1.0"
"markdown","/usr/lib/R/library","1.1",NA,"R (>= 2.11.1)","utils, xfun, mime (>= 0.3)",NA,"knitr, RCurl",NA,"GPL-2",NA,NA,NA,NA,"yes","4.1.0"
"MASS","/usr/lib/R/library","7.3-54","recommended","R (>= 3.3.0), grDevices, graphics, stats, utils","methods",NA,"lattice, nlme, nnet, survival",NA,"GPL-2 | GPL-3",NA,NA,NA,NA,"yes","4.1.0"
"Matrix","/usr/lib/R/library","1.3-3","recommended","R (>= 3.5.0)","methods, graphics, grid, stats, utils, lattice",NA,"expm, MASS","MatrixModels, graph, SparseM, sfsmisc, igraph, maptools, sp,
spdep","GPL (>= 2) | file LICENCE",NA,NA,NA,NA,"yes","4.1.0"
"methods","/usr/lib/R/library","4.1.0","base",NA,"utils, stats",NA,"codetools",NA,"Part of R 4.1.0",NA,NA,NA,NA,"yes","4.1.0"
"mgcv","/usr/lib/R/library","1.8-35","recommended","R (>= 3.6.0), nlme (>= 3.1-64)","methods, stats, graphics, Matrix, splines, utils",NA,"parallel, survival, MASS",NA,"GPL (>= 2)",NA,NA,NA,NA,"yes","4.1.0"
"mime","/usr/lib/R/library","0.10",NA,NA,"tools",NA,NA,NA,"GPL",NA,NA,NA,NA,"yes","4.1.0"
"modelr","/usr/lib/R/library","0.1.8",NA,"R (>= 3.2)","broom, magrittr, purrr (>= 0.2.2), rlang (>= 0.2.0), tibble,
tidyr (>= 0.8.0), tidyselect, vctrs",NA,"compiler, covr, ggplot2, testthat",NA,"GPL-3",NA,NA,NA,NA,"no","4.1.0"
"munsell","/usr/lib/R/library","0.5.0",NA,NA,"colorspace, methods",NA,"ggplot2, testthat",NA,"MIT + file LICENSE",NA,NA,NA,NA,"no","4.1.0"
"nlme","/usr/lib/R/library","3.1-152","recommended","R (>= 3.4.0)","graphics, stats, utils, lattice",NA,"Hmisc, MASS",NA,"GPL (>= 2) | file LICENCE",NA,NA,NA,NA,"yes","4.1.0"
"nnet","/usr/lib/R/library","7.3-16","recommended","R (>= 3.0.0), stats, utils",NA,NA,"MASS",NA,"GPL-2 | GPL-3",NA,NA,NA,NA,"yes","4.1.0"
"openssl","/usr/lib/R/library","1.4.4",NA,NA,"askpass",NA,"testthat (>= 2.1.0), digest, knitr, rmarkdown, jsonlite,
jose, sodium",NA,"MIT + file LICENSE",NA,NA,NA,NA,"yes","4.1.0"
"openxlsx","/usr/lib/R/library","4.2.3",NA,"R (>= 3.3.0)","grDevices, methods, Rcpp, stats, utils, zip, stringi","Rcpp","knitr, testthat, roxygen2, rmarkdown",NA,"MIT + file LICENSE",NA,NA,NA,NA,"yes","4.1.0"
"pacman","/usr/lib/R/library","0.5.1",NA,"R (>= 3.5.0)","remotes, methods, stats, utils",NA,"BiocManager, knitr, lattice, testthat (>= 0.9.0), XML",NA,"GPL-2",NA,NA,NA,NA,"no","4.1.0"
"parallel","/usr/lib/R/library","4.1.0","base",NA,"tools, compiler",NA,"methods","snow, nws, Rmpi","Part of R 4.1.0",NA,NA,NA,NA,"yes","4.1.0"
"pillar","/usr/lib/R/library","1.6.1",NA,NA,"cli, crayon (>= 1.3.4), ellipsis (>= 0.3.2), fansi, lifecycle,
rlang (>= 0.3.0), utf8 (>= 1.1.0), utils, vctrs (>= 0.3.8)",NA,"bit64, debugme, DiagrammeR, dplyr, formattable, ggplot2,
knitr, lubridate, nycflights13, palmerpenguins, rmarkdown,
scales, stringi, survival, testthat (>= 3.0.2), tibble, units,
withr",NA,"MIT + file LICENSE",NA,NA,NA,NA,"no","4.1.0"
"pkgbuild","/usr/lib/R/library","1.2.0",NA,"R (>= 3.1)","callr (>= 3.2.0), cli, crayon, desc, prettyunits, R6,
rprojroot, withr (>= 2.1.2)",NA,"Rcpp, cpp11, testthat, covr",NA,"MIT + file LICENSE",NA,NA,NA,NA,"no","4.1.0"
"pkgconfig","/usr/lib/R/library","2.0.3",NA,NA,"utils",NA,"covr, testthat, disposables (>= 1.0.3)",NA,"MIT + file LICENSE",NA,NA,NA,NA,"no","4.1.0"
"pkgload","/usr/lib/R/library","1.2.1",NA,NA,"cli, crayon, desc, methods, rlang, rprojroot, rstudioapi,
utils, withr",NA,"bitops, covr, pkgbuild, Rcpp, testthat",NA,"GPL-3",NA,NA,NA,NA,"yes","4.1.0"
"png","/usr/lib/R/library","0.1-7",NA,"R (>= 2.9.0)",NA,NA,NA,NA,"GPL-2 | GPL-3",NA,NA,NA,NA,"yes","4.1.0"
"praise","/usr/lib/R/library","1.0.0",NA,NA,NA,NA,"testthat",NA,"MIT + file LICENSE",NA,NA,NA,NA,"no","4.1.0"
"prettyunits","/usr/lib/R/library","1.1.1",NA,NA,NA,NA,"codetools, covr, testthat",NA,"MIT + file LICENSE",NA,NA,NA,NA,"no","4.1.0"
"processx","/usr/lib/R/library","3.5.2",NA,NA,"ps (>= 1.2.0), R6, utils",NA,"callr (>= 3.2.0), cli, codetools, covr, curl, debugme,
parallel, testthat, withr",NA,"MIT + file LICENSE",NA,NA,NA,NA,"yes","4.1.0"
"progress","/usr/lib/R/library","1.2.2",NA,NA,"hms, prettyunits, R6, crayon",NA,"Rcpp, testthat, withr",NA,"MIT + file LICENSE",NA,NA,NA,NA,"no","4.1.0"
"promises","/usr/lib/R/library","1.2.0.1",NA,NA,"R6, Rcpp, later, rlang, stats, magrittr","later, Rcpp","testthat, future (>= 1.21.0), fastmap (>= 1.1.0), purrr,
knitr, rmarkdown, vembedr, spelling",NA,"MIT + file LICENSE",NA,NA,NA,NA,"yes","4.1.0"
"ps","/usr/lib/R/library","1.6.0",NA,"R (>= 3.1)","utils",NA,"callr, covr, curl, pingr, processx (>= 3.1.0), R6, rlang,
testthat, tibble",NA,"MIT + file LICENSE",NA,NA,NA,NA,"yes","4.1.0"
"purrr","/usr/lib/R/library","0.3.4",NA,"R (>= 3.2)","magrittr (>= 1.5), rlang (>= 0.3.1)",NA,"covr, crayon, dplyr (>= 0.7.8), knitr, rmarkdown, testthat,
tibble, tidyselect",NA,"GPL-3 | file LICENSE",NA,NA,NA,NA,"yes","4.1.0"
"R6","/usr/lib/R/library","2.5.0",NA,"R (>= 3.0)",NA,NA,"knitr, microbenchmark, pryr, testthat, ggplot2, scales",NA,"MIT + file LICENSE",NA,NA,NA,NA,"no","4.1.0"
"rappdirs","/usr/lib/R/library","0.3.3",NA,"R (>= 3.2)",NA,NA,"roxygen2, testthat (>= 3.0.0), covr, withr",NA,"MIT + file LICENSE",NA,NA,NA,NA,"yes","4.1.0"
"RColorBrewer","/usr/lib/R/library","1.1-2",NA,"R (>= 2.0.0)",NA,NA,NA,NA,"Apache License 2.0",NA,NA,NA,NA,"no","4.1.0"
"Rcpp","/usr/lib/R/library","1.0.6",NA,NA,"methods, utils",NA,"tinytest, inline, rbenchmark, pkgKitten (>= 0.1.2)",NA,"GPL (>= 2)",NA,NA,NA,NA,"yes","4.1.0"
"readr","/usr/lib/R/library","1.4.0",NA,"R (>= 3.1)","cli, clipr, crayon, hms (>= 0.4.1), methods, rlang, R6,
tibble, utils, lifecycle","BH, cpp11","covr, curl, dplyr, knitr, rmarkdown, spelling, stringi,
testthat, xml2",NA,"GPL (>= 2) | file LICENSE",NA,NA,NA,NA,"yes","4.1.0"
"readxl","/usr/lib/R/library","1.3.1",NA,NA,"cellranger, Rcpp (>= 0.12.18), tibble (>= 1.3.1), utils","progress, Rcpp","covr, knitr, rmarkdown, rprojroot (>= 1.1), testthat",NA,"GPL-3",NA,NA,NA,NA,"yes","4.1.0"
"rematch","/usr/lib/R/library","1.0.1",NA,NA,NA,NA,"covr, testthat",NA,"MIT + file LICENSE",NA,NA,NA,NA,"no","4.1.0"
"rematch2","/usr/lib/R/library","2.1.2",NA,NA,"tibble",NA,"covr, testthat",NA,"MIT + file LICENSE",NA,NA,NA,NA,"no","4.1.0"
"remotes","/usr/lib/R/library","2.3.0",NA,"R (>= 3.0.0)","methods, stats, tools, utils",NA,"brew, callr, codetools, curl, covr, git2r (>= 0.23.0), knitr,
mockery, pkgbuild (>= 1.0.1), pingr, rmarkdown, rprojroot,
testthat, webfakes, withr",NA,"GPL (>= 2)",NA,NA,NA,NA,"no","4.1.0"
"reprex","/usr/lib/R/library","2.0.0",NA,"R (>= 3.3)","callr (>= 3.6.0), cli (>= 2.3.1), clipr (>= 0.4.0), fs, glue,
knitr (>= 1.23), rlang (>= 0.4.0), rmarkdown, rstudioapi,
utils, withr (>= 2.3.0)",NA,"covr, fortunes, miniUI, mockr, rprojroot, sessioninfo, shiny,
spelling, styler (>= 1.2.0), testthat (>= 3.0.2)",NA,"MIT + file LICENSE",NA,NA,NA,NA,"no","4.1.0"
"reticulate","/usr/lib/R/library","1.20",NA,"R (>= 3.0)","Matrix, Rcpp (>= 0.12.7), graphics, jsonlite, methods, png,
rappdirs, utils, withr","Rcpp","callr, knitr, rmarkdown, testthat",NA,"Apache License 2.0",NA,NA,NA,NA,"yes","4.1.0"
"rio","/usr/lib/R/library","0.5.26",NA,"R (>= 2.15.0)","tools, stats, utils, foreign, haven (>= 1.1.2), curl (>= 0.6),
data.table (>= 1.9.8), readxl (>= 0.1.1), openxlsx, tibble",NA,"datasets, bit64, testthat, knitr, magrittr, arrow, clipr,
feather, fst, hexView, jsonlite, pzfx, readODS (>= 1.6.4),
readr, rmarkdown, rmatio, xml2 (>= 1.2.0), yaml",NA,"GPL-2",NA,NA,NA,NA,"no","4.1.0"
"rlang","/usr/lib/R/library","0.4.11",NA,"R (>= 3.3.0)","utils",NA,"cli, covr, crayon, glue, magrittr, methods, pak, pillar,
rmarkdown, testthat (>= 3.0.0), vctrs (>= 0.2.3), withr","winch","MIT + file LICENSE",NA,NA,NA,NA,"yes","4.1.0"
"rmarkdown","/usr/lib/R/library","2.8",NA,"R (>= 3.0)","tools, utils, knitr (>= 1.22), yaml (>= 2.1.19), htmltools (>=
0.3.5), evaluate (>= 0.13), jsonlite, tinytex (>= 0.31), xfun
(>= 0.21), methods, stringr (>= 1.2.0)",NA,"shiny (>= 1.6.0), tufte, testthat (>= 3.0.0), digest,
dygraphs, vctrs, tibble, fs, rsconnect, withr (>= 2.4.2), bslib
(>= 0.2.4), sass (>= 0.3.1)",NA,"GPL-3",NA,NA,NA,NA,"no","4.1.0"
"rpart","/usr/lib/R/library","4.1-15","recommended","R (>= 2.15.0), graphics, stats, grDevices",NA,NA,"survival",NA,"GPL-2 | GPL-3",NA,NA,NA,NA,"yes","4.1.0"
"rprojroot","/usr/lib/R/library","2.0.2",NA,"R (>= 3.0.0)",NA,NA,"covr, knitr, lifecycle, mockr, rmarkdown, testthat (>=
3.0.0), withr",NA,"MIT + file LICENSE",NA,NA,NA,NA,"no","4.1.0"
"rstudioapi","/usr/lib/R/library","0.13",NA,NA,NA,NA,"testthat, knitr, rmarkdown, clipr",NA,"MIT + file LICENSE",NA,NA,NA,NA,"no","4.1.0"
"rvest","/usr/lib/R/library","1.0.0",NA,"R (>= 3.2)","httr (>= 0.5), lifecycle (>= 1.0.0), magrittr, rlang (>=
0.4.10), selectr, tibble, xml2 (>= 1.3)",NA,"covr, glue, knitr, readr, rmarkdown, repurrrsive, spelling,
stringi (>= 0.3.1), testthat (>= 3.0.2), webfakes",NA,"MIT + file LICENSE",NA,NA,NA,NA,"no","4.1.0"
"sass","/usr/lib/R/library","0.4.0",NA,NA,"fs, rlang (>= 0.4.10), htmltools (>= 0.5.1), R6, rappdirs",NA,"testthat, knitr, rmarkdown, withr, shiny, curl",NA,"MIT + file LICENSE",NA,NA,NA,NA,"yes","4.1.0"
"scales","/usr/lib/R/library","1.1.1",NA,"R (>= 3.2)","farver (>= 2.0.3), labeling, lifecycle, munsell (>= 0.5), R6,
RColorBrewer, viridisLite",NA,"bit64, covr, dichromat, ggplot2, hms (>= 0.5.0), testthat (>=
2.1.0)",NA,"MIT + file LICENSE",NA,NA,NA,NA,"no","4.1.0"
"selectr","/usr/lib/R/library","0.4-2",NA,"R (>= 3.0)","methods, stringr, R6",NA,"testthat, XML, xml2",NA,"BSD_3_clause + file LICENCE",NA,NA,NA,NA,"no","4.1.0"
"servr","/usr/lib/R/library","0.22",NA,"R (>= 3.0.0)","mime (>= 0.2), httpuv (>= 1.5.2), xfun, jsonlite",NA,"tools, later, rstudioapi, knitr (>= 1.9), rmarkdown",NA,"GPL",NA,NA,NA,NA,"no","4.1.0"
"shiny","/usr/lib/R/library","1.6.0",NA,"R (>= 3.0.2), methods","utils, grDevices, httpuv (>= 1.5.2), mime (>= 0.3), jsonlite
(>= 0.9.16), xtable, digest (>= 0.6.25), htmltools (>=
0.5.0.9001), R6 (>= 2.0), sourcetools, later (>= 1.0.0),
promises (>= 1.1.0), tools, crayon, rlang (>= 0.4.9), fastmap
(>= 1.0.0), withr, commonmark (>= 1.7), glue (>= 1.3.2), bslib
(>= 0.2.2.9002), cachem, ellipsis, lifecycle (>= 0.2.0)",NA,"datasets, Cairo (>= 1.5-5), testthat (>= 2.1.1), knitr (>=
1.6), markdown, rmarkdown, ggplot2, reactlog (>= 1.0.0),
magrittr, shinytest (>= 1.4.0.9003), yaml, future, dygraphs,
ragg, showtext, sass",NA,"GPL-3 | file LICENSE",NA,NA,NA,NA,"no","4.1.0"
"sourcetools","/usr/lib/R/library","0.1.7",NA,"R (>= 3.0.2)",NA,NA,"testthat",NA,"MIT + file LICENSE",NA,NA,NA,NA,"yes","4.1.0"
"spatial","/usr/lib/R/library","7.3-14","recommended","R (>= 3.0.0), graphics, stats, utils",NA,NA,"MASS",NA,"GPL-2 | GPL-3",NA,NA,NA,NA,"yes","4.1.0"
"splines","/usr/lib/R/library","4.1.0","base",NA,"graphics, stats",NA,"Matrix, methods",NA,"Part of R 4.1.0",NA,NA,NA,NA,"yes","4.1.0"
"stats","/usr/lib/R/library","4.1.0","base",NA,"utils, grDevices, graphics",NA,"MASS, Matrix, SuppDists, methods, stats4",NA,"Part of R 4.1.0",NA,NA,NA,NA,"yes","4.1.0"
"stats4","/usr/lib/R/library","4.1.0","base",NA,"graphics, methods, stats",NA,NA,NA,"Part of R 4.1.0",NA,NA,NA,NA,NA,"4.1.0"
"stringi","/usr/lib/R/library","1.6.2",NA,"R (>= 3.1)","tools, utils, stats",NA,NA,NA,"file LICENSE","yes",NA,NA,NA,"yes","4.1.0"
"stringr","/usr/lib/R/library","1.4.0",NA,"R (>= 3.1)","glue (>= 1.2.0), magrittr, stringi (>= 1.1.7)",NA,"covr, htmltools, htmlwidgets, knitr, rmarkdown, testthat",NA,"GPL-2 | file LICENSE",NA,NA,NA,NA,"no","4.1.0"
"survival","/usr/lib/R/library","3.2-11","recommended","R (>= 3.5.0)","graphics, Matrix, methods, splines, stats, utils",NA,NA,NA,"LGPL (>= 2)",NA,NA,NA,NA,"yes","4.1.0"
"sys","/usr/lib/R/library","3.4",NA,NA,NA,NA,"unix (>= 1.4), spelling, testthat",NA,"MIT + file LICENSE",NA,NA,NA,NA,"yes","4.1.0"
"tcltk","/usr/lib/R/library","4.1.0","base",NA,"utils",NA,NA,NA,"Part of R 4.1.0",NA,NA,NA,NA,"yes","4.1.0"
"testthat","/usr/lib/R/library","3.0.2",NA,"R (>= 3.1)","brio, callr (>= 3.5.1), cli (>= 2.2.0), crayon (>= 1.3.4),
desc, digest, ellipsis (>= 0.2.0), evaluate, jsonlite,
lifecycle, magrittr, methods, pkgload, praise, processx, ps (>=
1.3.4), R6 (>= 2.2.0), rlang (>= 0.4.9), utils, waldo (>=
0.2.4), withr (>= 2.3.0)",NA,"covr, curl (>= 0.9.5), diffviewer (>= 0.1.0), knitr, mockery,
rmarkdown, rstudioapi, shiny, usethis, vctrs (>= 0.1.0), xml2",NA,"MIT + file LICENSE",NA,NA,NA,NA,"yes","4.1.0"
"tibble","/usr/lib/R/library","3.1.2",NA,"R (>= 3.1.0)","ellipsis (>= 0.3.2), fansi (>= 0.4.0), lifecycle (>= 0.2.0),
magrittr, methods, pillar (>= 1.6.0), pkgconfig, rlang (>=
0.4.3), utils, vctrs (>= 0.3.8)",NA,"bench, bit64, blob, cli, covr, crayon (>= 1.3.4), DiagrammeR,
dplyr, evaluate, formattable, ggplot2, hms, htmltools, knitr,
lubridate, mockr, nycflights13, purrr, rmarkdown, testthat (>=
3.0.2), tidyr, withr",NA,"MIT + file LICENSE",NA,NA,NA,NA,"yes","4.1.0"
"tidyr","/usr/lib/R/library","1.1.3",NA,"R (>= 3.1)","dplyr (>= 0.8.2), ellipsis (>= 0.1.0), glue, lifecycle,
magrittr, purrr, rlang, tibble (>= 2.1.1), tidyselect (>=
1.1.0), utils, vctrs (>= 0.3.6)","cpp11 (>= 0.2.6)","covr, data.table, jsonlite, knitr, readr, repurrrsive (>=
1.0.0), rmarkdown, testthat (>= 3.0.0)",NA,"MIT + file LICENSE",NA,NA,NA,NA,"yes","4.1.0"
"tidyselect","/usr/lib/R/library","1.1.1",NA,"R (>= 3.2)","ellipsis, glue (>= 1.3.0), purrr (>= 0.3.2), rlang (>= 0.4.6),
vctrs (>= 0.3.0)",NA,"covr, crayon, dplyr, knitr, magrittr, rmarkdown, testthat (>=
2.3.0), tibble (>= 2.1.3), withr",NA,"MIT + file LICENSE",NA,NA,NA,NA,"yes","4.1.0"
"tidyverse","/usr/lib/R/library","1.3.1",NA,"R (>= 3.3)","broom (>= 0.7.6), cli (>= 2.4.0), crayon (>= 1.4.1), dbplyr
(>= 2.1.1), dplyr (>= 1.0.5), dtplyr (>= 1.1.0), forcats (>=
0.5.1), googledrive (>= 1.0.1), googlesheets4 (>= 0.3.0),
ggplot2 (>= 3.3.3), haven (>= 2.3.1), hms (>= 1.0.0), httr (>=
1.4.2), jsonlite (>= 1.7.2), lubridate (>= 1.7.10), magrittr
(>= 2.0.1), modelr (>= 0.1.8), pillar (>= 1.6.0), purrr (>=
0.3.4), readr (>= 1.4.0), readxl (>= 1.3.1), reprex (>= 2.0.0),
rlang (>= 0.4.10), rstudioapi (>= 0.13), rvest (>= 1.0.0),
stringr (>= 1.4.0), tibble (>= 3.1.0), tidyr (>= 1.1.3), xml2
(>= 1.3.2)",NA,"covr, feather, glue, knitr, rmarkdown, testthat",NA,"MIT + file LICENSE",NA,NA,NA,NA,"no","4.1.0"
"tinytex","/usr/lib/R/library","0.31",NA,NA,"xfun (>= 0.19)",NA,"testit, rstudioapi",NA,"MIT + file LICENSE",NA,NA,NA,NA,"no","4.1.0"
"tools","/usr/lib/R/library","4.1.0","base",NA,NA,NA,"codetools, methods, xml2, curl, commonmark",NA,"Part of R 4.1.0",NA,NA,NA,NA,"yes","4.1.0"
"utf8","/usr/lib/R/library","1.2.1",NA,"R (>= 2.10)",NA,NA,"covr, knitr, rlang, rmarkdown, testthat (>= 3.0.0)",NA,"Apache License (== 2.0) | file LICENSE",NA,NA,NA,NA,"yes","4.1.0"
"utils","/usr/lib/R/library","4.1.0","base",NA,NA,NA,"methods, xml2, commonmark",NA,"Part of R 4.1.0",NA,NA,NA,NA,"yes","4.1.0"
"uuid","/usr/lib/R/library","0.1-4",NA,"R (>= 2.9.0)",NA,NA,NA,NA,"MIT + file LICENSE",NA,NA,NA,NA,"yes","4.1.0"
"vctrs","/usr/lib/R/library","0.3.8",NA,"R (>= 3.3)","ellipsis (>= 0.2.0), glue, rlang (>= 0.4.10)",NA,"bit64, covr, crayon, dplyr (>= 0.8.5), generics, knitr,
pillar (>= 1.4.4), pkgdown, rmarkdown, testthat (>= 2.3.0),
tibble, withr, xml2, waldo (>= 0.2.0), zeallot",NA,"MIT + file LICENSE",NA,NA,NA,NA,"yes","4.1.0"
"viridisLite","/usr/lib/R/library","0.4.0",NA,"R (>= 2.10)",NA,NA,"hexbin (>= 1.27.0), ggplot2 (>= 1.0.1), testthat, covr",NA,"MIT + file LICENSE",NA,NA,NA,NA,"no","4.1.0"
"waldo","/usr/lib/R/library","0.2.5",NA,NA,"cli, diffobj, fansi, glue, methods, rematch2, rlang (>=
0.4.10), tibble",NA,"testthat (>= 3.0.0), covr, R6",NA,"MIT + file LICENSE",NA,NA,NA,NA,"no","4.1.0"
"withr","/usr/lib/R/library","2.4.2",NA,"R (>= 3.2.0)","graphics, grDevices, stats",NA,"covr, DBI, knitr, lattice, methods, rmarkdown, RSQLite,
testthat (>= 2.1.0)",NA,"MIT + file LICENSE",NA,NA,NA,NA,"no","4.1.0"
"xfun","/usr/lib/R/library","0.23",NA,NA,"stats, tools",NA,"testit, parallel, codetools, rstudioapi, tinytex (>= 0.30),
mime, markdown, knitr, htmltools, remotes, pak, renv, curl,
jsonlite, rmarkdown",NA,"MIT + file LICENSE",NA,NA,NA,NA,"yes","4.1.0"
"xml2","/usr/lib/R/library","1.3.2",NA,"R (>= 3.1.0)","methods",NA,"covr, curl, httr, knitr, magrittr, mockery, rmarkdown,
testthat (>= 2.1.0)",NA,"GPL (>= 2)",NA,NA,NA,NA,"yes","4.1.0"
"xtable","/usr/lib/R/library","1.8-4",NA,"R (>= 2.10.0)","stats, utils",NA,"knitr, plm, zoo, survival",NA,"GPL (>= 2)",NA,NA,NA,NA,"no","4.1.0"
"xts","/usr/lib/R/library","0.12.1",NA,"zoo (>= 1.7-12)","methods","zoo","timeSeries, timeDate, tseries, chron, fts, tis, RUnit",NA,"GPL (>= 2)",NA,NA,NA,NA,"yes","4.1.0"
"yaml","/usr/lib/R/library","2.2.1",NA,NA,NA,NA,"RUnit",NA,"BSD_3_clause + file LICENSE",NA,NA,NA,NA,"yes","4.1.0"
"zip","/usr/lib/R/library","2.1.1",NA,NA,NA,NA,"covr, processx, R6, testthat, withr",NA,"CC0",NA,NA,NA,NA,"yes","4.1.0"
"zoo","/usr/lib/R/library","1.8-9",NA,"R (>= 3.1.0), stats","utils, graphics, grDevices, lattice (>= 0.20-27)",NA,"AER, coda, chron, fts, ggplot2 (>= 3.0.0), mondate, scales,
stinepack, strucchange, timeDate, timeSeries, tis, tseries, xts",NA,"GPL-2 | GPL-3",NA,NA,NA,NA,"yes","4.1.0"
